"Geography Type Description","Geography Name","Sits in State","GeoID","Formatted GeoID","Ratio of Males to Females","Data Time Period","Geographic Vintage","Data Source","Selected Location"
"GeoID_Description","GeoID_Name","SitsinState","GeoID","GeoID_Formatted","rmtof","TimeFrame","GeoVintage","Source","Location"
"County","Anderson","TX","48001","=""48001""","157","2020-2024","2022","Census","Texas (State)"
"County","Andrews","TX","48003","=""48003""","96","2020-2024","2022","Census","Texas (State)"
"County","Angelina","TX","48005","=""48005""","96","2020-2024","2022","Census","Texas (State)"
"County","Aransas","TX","48007","=""48007""","97","2020-2024","2022","Census","Texas (State)"
"County","Archer","TX","48009","=""48009""","103","2020-2024","2022","Census","Texas (State)"
"County","Armstrong","TX","48011","=""48011""","85","2020-2024","2022","Census","Texas (State)"
"County","Atascosa","TX","48013","=""48013""","99","2020-2024","2022","Census","Texas (State)"
"County","Austin","TX","48015","=""48015""","105","2020-2024","2022","Census","Texas (State)"
"County","Bailey","TX","48017","=""48017""","102","2020-2024","2022","Census","Texas (State)"
"County","Bandera","TX","48019","=""48019""","97","2020-2024","2022","Census","Texas (State)"
"County","Bastrop","TX","48021","=""48021""","103","2020-2024","2022","Census","Texas (State)"
"County","Baylor","TX","48023","=""48023""","103","2020-2024","2022","Census","Texas (State)"
"County","Bee","TX","48025","=""48025""","169","2020-2024","2022","Census","Texas (State)"
"County","Bell","TX","48027","=""48027""","99","2020-2024","2022","Census","Texas (State)"
"County","Bexar","TX","48029","=""48029""","99","2020-2024","2022","Census","Texas (State)"
"County","Blanco","TX","48031","=""48031""","95","2020-2024","2022","Census","Texas (State)"
"County","Borden","TX","48033","=""48033""","80","2020-2024","2022","Census","Texas (State)"
"County","Bosque","TX","48035","=""48035""","96","2020-2024","2022","Census","Texas (State)"
"County","Bowie","TX","48037","=""48037""","101","2020-2024","2022","Census","Texas (State)"
"County","Brazoria","TX","48039","=""48039""","102","2020-2024","2022","Census","Texas (State)"
"County","Brazos","TX","48041","=""48041""","102","2020-2024","2022","Census","Texas (State)"
"County","Brewster","TX","48043","=""48043""","100","2020-2024","2022","Census","Texas (State)"
"County","Briscoe","TX","48045","=""48045""","110","2020-2024","2022","Census","Texas (State)"
"County","Brooks","TX","48047","=""48047""","103","2020-2024","2022","Census","Texas (State)"
"County","Brown","TX","48049","=""48049""","99","2020-2024","2022","Census","Texas (State)"
"County","Burleson","TX","48051","=""48051""","95","2020-2024","2022","Census","Texas (State)"
"County","Burnet","TX","48053","=""48053""","98","2020-2024","2022","Census","Texas (State)"
"County","Caldwell","TX","48055","=""48055""","102","2020-2024","2022","Census","Texas (State)"
"County","Calhoun","TX","48057","=""48057""","109","2020-2024","2022","Census","Texas (State)"
"County","Callahan","TX","48059","=""48059""","97","2020-2024","2022","Census","Texas (State)"
"County","Cameron","TX","48061","=""48061""","98","2020-2024","2022","Census","Texas (State)"
"County","Camp","TX","48063","=""48063""","98","2020-2024","2022","Census","Texas (State)"
"County","Carson","TX","48065","=""48065""","98","2020-2024","2022","Census","Texas (State)"
"County","Cass","TX","48067","=""48067""","95","2020-2024","2022","Census","Texas (State)"
"County","Castro","TX","48069","=""48069""","104","2020-2024","2022","Census","Texas (State)"
"County","Chambers","TX","48071","=""48071""","101","2020-2024","2022","Census","Texas (State)"
"County","Cherokee","TX","48073","=""48073""","103","2020-2024","2022","Census","Texas (State)"
"County","Childress","TX","48075","=""48075""","145","2020-2024","2022","Census","Texas (State)"
"County","Clay","TX","48077","=""48077""","100","2020-2024","2022","Census","Texas (State)"
"County","Cochran","TX","48079","=""48079""","108","2020-2024","2022","Census","Texas (State)"
"County","Coke","TX","48081","=""48081""","102","2020-2024","2022","Census","Texas (State)"
"County","Coleman","TX","48083","=""48083""","100","2020-2024","2022","Census","Texas (State)"
"County","Collin","TX","48085","=""48085""","99","2020-2024","2022","Census","Texas (State)"
"County","Collingsworth","TX","48087","=""48087""","98","2020-2024","2022","Census","Texas (State)"
"County","Colorado","TX","48089","=""48089""","104","2020-2024","2022","Census","Texas (State)"
"County","Comal","TX","48091","=""48091""","99","2020-2024","2022","Census","Texas (State)"
"County","Comanche","TX","48093","=""48093""","100","2020-2024","2022","Census","Texas (State)"
"County","Concho","TX","48095","=""48095""","182","2020-2024","2022","Census","Texas (State)"
"County","Cooke","TX","48097","=""48097""","100","2020-2024","2022","Census","Texas (State)"
"County","Coryell","TX","48099","=""48099""","102","2020-2024","2022","Census","Texas (State)"
"County","Cottle","TX","48101","=""48101""","94","2020-2024","2022","Census","Texas (State)"
"County","Crane","TX","48103","=""48103""","110","2020-2024","2022","Census","Texas (State)"
"County","Crockett","TX","48105","=""48105""","134","2020-2024","2022","Census","Texas (State)"
"County","Crosby","TX","48107","=""48107""","104","2020-2024","2022","Census","Texas (State)"
"County","Culberson","TX","48109","=""48109""","118","2020-2024","2022","Census","Texas (State)"
"County","Dallam","TX","48111","=""48111""","123","2020-2024","2022","Census","Texas (State)"
"County","Dallas","TX","48113","=""48113""","98","2020-2024","2022","Census","Texas (State)"
"County","Dawson","TX","48115","=""48115""","135","2020-2024","2022","Census","Texas (State)"
"County","Deaf Smith","TX","48117","=""48117""","107","2020-2024","2022","Census","Texas (State)"
"County","Delta","TX","48119","=""48119""","83","2020-2024","2022","Census","Texas (State)"
"County","Denton","TX","48121","=""48121""","98","2020-2024","2022","Census","Texas (State)"
"County","DeWitt","TX","48123","=""48123""","112","2020-2024","2022","Census","Texas (State)"
"County","Dickens","TX","48125","=""48125""","92","2020-2024","2022","Census","Texas (State)"
"County","Dimmit","TX","48127","=""48127""","115","2020-2024","2022","Census","Texas (State)"
"County","Donley","TX","48129","=""48129""","90","2020-2024","2022","Census","Texas (State)"
"County","Duval","TX","48131","=""48131""","110","2020-2024","2022","Census","Texas (State)"
"County","Eastland","TX","48133","=""48133""","98","2020-2024","2022","Census","Texas (State)"
"County","Ector","TX","48135","=""48135""","105","2020-2024","2022","Census","Texas (State)"
"County","Edwards","TX","48137","=""48137""","120","2020-2024","2022","Census","Texas (State)"
"County","Ellis","TX","48139","=""48139""","98","2020-2024","2022","Census","Texas (State)"
"County","El Paso","TX","48141","=""48141""","99","2020-2024","2022","Census","Texas (State)"
"County","Erath","TX","48143","=""48143""","95","2020-2024","2022","Census","Texas (State)"
"County","Falls","TX","48145","=""48145""","88","2020-2024","2022","Census","Texas (State)"
"County","Fannin","TX","48147","=""48147""","116","2020-2024","2022","Census","Texas (State)"
"County","Fayette","TX","48149","=""48149""","99","2020-2024","2022","Census","Texas (State)"
"County","Fisher","TX","48151","=""48151""","104","2020-2024","2022","Census","Texas (State)"
"County","Floyd","TX","48153","=""48153""","96","2020-2024","2022","Census","Texas (State)"
"County","Foard","TX","48155","=""48155""","96","2020-2024","2022","Census","Texas (State)"
"County","Fort Bend","TX","48157","=""48157""","97","2020-2024","2022","Census","Texas (State)"
"County","Franklin","TX","48159","=""48159""","100","2020-2024","2022","Census","Texas (State)"
"County","Freestone","TX","48161","=""48161""","110","2020-2024","2022","Census","Texas (State)"
"County","Frio","TX","48163","=""48163""","157","2020-2024","2022","Census","Texas (State)"
"County","Gaines","TX","48165","=""48165""","103","2020-2024","2022","Census","Texas (State)"
"County","Galveston","TX","48167","=""48167""","97","2020-2024","2022","Census","Texas (State)"
"County","Garza","TX","48169","=""48169""","190","2020-2024","2022","Census","Texas (State)"
"County","Gillespie","TX","48171","=""48171""","97","2020-2024","2022","Census","Texas (State)"
"County","Glasscock","TX","48173","=""48173""","128","2020-2024","2022","Census","Texas (State)"
"County","Goliad","TX","48175","=""48175""","102","2020-2024","2022","Census","Texas (State)"
"County","Gonzales","TX","48177","=""48177""","101","2020-2024","2022","Census","Texas (State)"
"County","Gray","TX","48179","=""48179""","115","2020-2024","2022","Census","Texas (State)"
"County","Grayson","TX","48181","=""48181""","96","2020-2024","2022","Census","Texas (State)"
"County","Gregg","TX","48183","=""48183""","96","2020-2024","2022","Census","Texas (State)"
"County","Grimes","TX","48185","=""48185""","120","2020-2024","2022","Census","Texas (State)"
"County","Guadalupe","TX","48187","=""48187""","99","2020-2024","2022","Census","Texas (State)"
"County","Hale","TX","48189","=""48189""","108","2020-2024","2022","Census","Texas (State)"
"County","Hall","TX","48191","=""48191""","97","2020-2024","2022","Census","Texas (State)"
"County","Hamilton","TX","48193","=""48193""","98","2020-2024","2022","Census","Texas (State)"
"County","Hansford","TX","48195","=""48195""","105","2020-2024","2022","Census","Texas (State)"
"County","Hardeman","TX","48197","=""48197""","100","2020-2024","2022","Census","Texas (State)"
"County","Hardin","TX","48199","=""48199""","97","2020-2024","2022","Census","Texas (State)"
"County","Harris","TX","48201","=""48201""","99","2020-2024","2022","Census","Texas (State)"
"County","Harrison","TX","48203","=""48203""","95","2020-2024","2022","Census","Texas (State)"
"County","Hartley","TX","48205","=""48205""","128","2020-2024","2022","Census","Texas (State)"
"County","Haskell","TX","48207","=""48207""","121","2020-2024","2022","Census","Texas (State)"
"County","Hays","TX","48209","=""48209""","99","2020-2024","2022","Census","Texas (State)"
"County","Hemphill","TX","48211","=""48211""","123","2020-2024","2022","Census","Texas (State)"
"County","Henderson","TX","48213","=""48213""","97","2020-2024","2022","Census","Texas (State)"
"County","Hidalgo","TX","48215","=""48215""","98","2020-2024","2022","Census","Texas (State)"
"County","Hill","TX","48217","=""48217""","99","2020-2024","2022","Census","Texas (State)"
"County","Hockley","TX","48219","=""48219""","98","2020-2024","2022","Census","Texas (State)"
"County","Hood","TX","48221","=""48221""","97","2020-2024","2022","Census","Texas (State)"
"County","Hopkins","TX","48223","=""48223""","97","2020-2024","2022","Census","Texas (State)"
"County","Houston","TX","48225","=""48225""","117","2020-2024","2022","Census","Texas (State)"
"County","Howard","TX","48227","=""48227""","126","2020-2024","2022","Census","Texas (State)"
"County","Hudspeth","TX","48229","=""48229""","165","2020-2024","2022","Census","Texas (State)"
"County","Hunt","TX","48231","=""48231""","98","2020-2024","2022","Census","Texas (State)"
"County","Hutchinson","TX","48233","=""48233""","100","2020-2024","2022","Census","Texas (State)"
"County","Irion","TX","48235","=""48235""","100","2020-2024","2022","Census","Texas (State)"
"County","Jack","TX","48237","=""48237""","119","2020-2024","2022","Census","Texas (State)"
"County","Jackson","TX","48239","=""48239""","104","2020-2024","2022","Census","Texas (State)"
"County","Jasper","TX","48241","=""48241""","97","2020-2024","2022","Census","Texas (State)"
"County","Jeff Davis","TX","48243","=""48243""","113","2020-2024","2022","Census","Texas (State)"
"County","Jefferson","TX","48245","=""48245""","106","2020-2024","2022","Census","Texas (State)"
"County","Jim Hogg","TX","48247","=""48247""","131","2020-2024","2022","Census","Texas (State)"
"County","Jim Wells","TX","48249","=""48249""","99","2020-2024","2022","Census","Texas (State)"
"County","Johnson","TX","48251","=""48251""","101","2020-2024","2022","Census","Texas (State)"
"County","Jones","TX","48253","=""48253""","181","2020-2024","2022","Census","Texas (State)"
"County","Karnes","TX","48255","=""48255""","142","2020-2024","2022","Census","Texas (State)"
"County","Kaufman","TX","48257","=""48257""","97","2020-2024","2022","Census","Texas (State)"
"County","Kendall","TX","48259","=""48259""","96","2020-2024","2022","Census","Texas (State)"
"County","Kenedy","TX","48261","=""48261""","113","2020-2024","2022","Census","Texas (State)"
"County","Kent","TX","48263","=""48263""","115","2020-2024","2022","Census","Texas (State)"
"County","Kerr","TX","48265","=""48265""","95","2020-2024","2022","Census","Texas (State)"
"County","Kimble","TX","48267","=""48267""","97","2020-2024","2022","Census","Texas (State)"
"County","King","TX","48269","=""48269""","95","2020-2024","2022","Census","Texas (State)"
"County","Kinney","TX","48271","=""48271""","144","2020-2024","2022","Census","Texas (State)"
"County","Kleberg","TX","48273","=""48273""","100","2020-2024","2022","Census","Texas (State)"
"County","Knox","TX","48275","=""48275""","97","2020-2024","2022","Census","Texas (State)"
"County","Lamar","TX","48277","=""48277""","95","2020-2024","2022","Census","Texas (State)"
"County","Lamb","TX","48279","=""48279""","103","2020-2024","2022","Census","Texas (State)"
"County","Lampasas","TX","48281","=""48281""","99","2020-2024","2022","Census","Texas (State)"
"County","La Salle","TX","48283","=""48283""","144","2020-2024","2022","Census","Texas (State)"
"County","Lavaca","TX","48285","=""48285""","97","2020-2024","2022","Census","Texas (State)"
"County","Lee","TX","48287","=""48287""","101","2020-2024","2022","Census","Texas (State)"
"County","Leon","TX","48289","=""48289""","100","2020-2024","2022","Census","Texas (State)"
"County","Liberty","TX","48291","=""48291""","98","2020-2024","2022","Census","Texas (State)"
"County","Limestone","TX","48293","=""48293""","103","2020-2024","2022","Census","Texas (State)"
"County","Lipscomb","TX","48295","=""48295""","87","2020-2024","2022","Census","Texas (State)"
"County","Live Oak","TX","48297","=""48297""","117","2020-2024","2022","Census","Texas (State)"
"County","Llano","TX","48299","=""48299""","91","2020-2024","2022","Census","Texas (State)"
"County","Loving","TX","48301","=""48301""","N/A","2020-2024","2022","Census","Texas (State)"
"County","Lubbock","TX","48303","=""48303""","97","2020-2024","2022","Census","Texas (State)"
"County","Lynn","TX","48305","=""48305""","107","2020-2024","2022","Census","Texas (State)"
"County","McCulloch","TX","48307","=""48307""","97","2020-2024","2022","Census","Texas (State)"
"County","McLennan","TX","48309","=""48309""","96","2020-2024","2022","Census","Texas (State)"
"County","McMullen","TX","48311","=""48311""","65","2020-2024","2022","Census","Texas (State)"
"County","Madison","TX","48313","=""48313""","137","2020-2024","2022","Census","Texas (State)"
"County","Marion","TX","48315","=""48315""","99","2020-2024","2022","Census","Texas (State)"
"County","Martin","TX","48317","=""48317""","140","2020-2024","2022","Census","Texas (State)"
"County","Mason","TX","48319","=""48319""","105","2020-2024","2022","Census","Texas (State)"
"County","Matagorda","TX","48321","=""48321""","96","2020-2024","2022","Census","Texas (State)"
"County","Maverick","TX","48323","=""48323""","100","2020-2024","2022","Census","Texas (State)"
"County","Medina","TX","48325","=""48325""","109","2020-2024","2022","Census","Texas (State)"
"County","Menard","TX","48327","=""48327""","97","2020-2024","2022","Census","Texas (State)"
"County","Midland","TX","48329","=""48329""","104","2020-2024","2022","Census","Texas (State)"
"County","Milam","TX","48331","=""48331""","100","2020-2024","2022","Census","Texas (State)"
"County","Mills","TX","48333","=""48333""","106","2020-2024","2022","Census","Texas (State)"
"County","Mitchell","TX","48335","=""48335""","174","2020-2024","2022","Census","Texas (State)"
"County","Montague","TX","48337","=""48337""","98","2020-2024","2022","Census","Texas (State)"
"County","Montgomery","TX","48339","=""48339""","99","2020-2024","2022","Census","Texas (State)"
"County","Moore","TX","48341","=""48341""","112","2020-2024","2022","Census","Texas (State)"
"County","Morris","TX","48343","=""48343""","91","2020-2024","2022","Census","Texas (State)"
"County","Motley","TX","48345","=""48345""","110","2020-2024","2022","Census","Texas (State)"
"County","Nacogdoches","TX","48347","=""48347""","93","2020-2024","2022","Census","Texas (State)"
"County","Navarro","TX","48349","=""48349""","98","2020-2024","2022","Census","Texas (State)"
"County","Newton","TX","48351","=""48351""","104","2020-2024","2022","Census","Texas (State)"
"County","Nolan","TX","48353","=""48353""","104","2020-2024","2022","Census","Texas (State)"
"County","Nueces","TX","48355","=""48355""","99","2020-2024","2022","Census","Texas (State)"
"County","Ochiltree","TX","48357","=""48357""","100","2020-2024","2022","Census","Texas (State)"
"County","Oldham","TX","48359","=""48359""","125","2020-2024","2022","Census","Texas (State)"
"County","Orange","TX","48361","=""48361""","97","2020-2024","2022","Census","Texas (State)"
"County","Palo Pinto","TX","48363","=""48363""","96","2020-2024","2022","Census","Texas (State)"
"County","Panola","TX","48365","=""48365""","100","2020-2024","2022","Census","Texas (State)"
"County","Parker","TX","48367","=""48367""","100","2020-2024","2022","Census","Texas (State)"
"County","Parmer","TX","48369","=""48369""","113","2020-2024","2022","Census","Texas (State)"
"County","Pecos","TX","48371","=""48371""","128","2020-2024","2022","Census","Texas (State)"
"County","Polk","TX","48373","=""48373""","116","2020-2024","2022","Census","Texas (State)"
"County","Potter","TX","48375","=""48375""","106","2020-2024","2022","Census","Texas (State)"
"County","Presidio","TX","48377","=""48377""","116","2020-2024","2022","Census","Texas (State)"
"County","Rains","TX","48379","=""48379""","104","2020-2024","2022","Census","Texas (State)"
"County","Randall","TX","48381","=""48381""","97","2020-2024","2022","Census","Texas (State)"
"County","Reagan","TX","48383","=""48383""","107","2020-2024","2022","Census","Texas (State)"
"County","Real","TX","48385","=""48385""","106","2020-2024","2022","Census","Texas (State)"
"County","Red River","TX","48387","=""48387""","100","2020-2024","2022","Census","Texas (State)"
"County","Reeves","TX","48389","=""48389""","134","2020-2024","2022","Census","Texas (State)"
"County","Refugio","TX","48391","=""48391""","96","2020-2024","2022","Census","Texas (State)"
"County","Roberts","TX","48393","=""48393""","98","2020-2024","2022","Census","Texas (State)"
"County","Robertson","TX","48395","=""48395""","98","2020-2024","2022","Census","Texas (State)"
"County","Rockwall","TX","48397","=""48397""","99","2020-2024","2022","Census","Texas (State)"
"County","Runnels","TX","48399","=""48399""","103","2020-2024","2022","Census","Texas (State)"
"County","Rusk","TX","48401","=""48401""","112","2020-2024","2022","Census","Texas (State)"
"County","Sabine","TX","48403","=""48403""","100","2020-2024","2022","Census","Texas (State)"
"County","San Augustine","TX","48405","=""48405""","92","2020-2024","2022","Census","Texas (State)"
"County","San Jacinto","TX","48407","=""48407""","102","2020-2024","2022","Census","Texas (State)"
"County","San Patricio","TX","48409","=""48409""","103","2020-2024","2022","Census","Texas (State)"
"County","San Saba","TX","48411","=""48411""","111","2020-2024","2022","Census","Texas (State)"
"County","Schleicher","TX","48413","=""48413""","88","2020-2024","2022","Census","Texas (State)"
"County","Scurry","TX","48415","=""48415""","108","2020-2024","2022","Census","Texas (State)"
"County","Shackelford","TX","48417","=""48417""","96","2020-2024","2022","Census","Texas (State)"
"County","Shelby","TX","48419","=""48419""","98","2020-2024","2022","Census","Texas (State)"
"County","Sherman","TX","48421","=""48421""","117","2020-2024","2022","Census","Texas (State)"
"County","Smith","TX","48423","=""48423""","94","2020-2024","2022","Census","Texas (State)"
"County","Somervell","TX","48425","=""48425""","101","2020-2024","2022","Census","Texas (State)"
"County","Starr","TX","48427","=""48427""","95","2020-2024","2022","Census","Texas (State)"
"County","Stephens","TX","48429","=""48429""","124","2020-2024","2022","Census","Texas (State)"
"County","Sterling","TX","48431","=""48431""","94","2020-2024","2022","Census","Texas (State)"
"County","Stonewall","TX","48433","=""48433""","100","2020-2024","2022","Census","Texas (State)"
"County","Sutton","TX","48435","=""48435""","86","2020-2024","2022","Census","Texas (State)"
"County","Swisher","TX","48437","=""48437""","131","2020-2024","2022","Census","Texas (State)"
"County","Tarrant","TX","48439","=""48439""","97","2020-2024","2022","Census","Texas (State)"
"County","Taylor","TX","48441","=""48441""","97","2020-2024","2022","Census","Texas (State)"
"County","Terrell","TX","48443","=""48443""","112","2020-2024","2022","Census","Texas (State)"
"County","Terry","TX","48445","=""48445""","121","2020-2024","2022","Census","Texas (State)"
"County","Throckmorton","TX","48447","=""48447""","80","2020-2024","2022","Census","Texas (State)"
"County","Titus","TX","48449","=""48449""","99","2020-2024","2022","Census","Texas (State)"
"County","Tom Green","TX","48451","=""48451""","100","2020-2024","2022","Census","Texas (State)"
"County","Travis","TX","48453","=""48453""","104","2020-2024","2022","Census","Texas (State)"
"County","Trinity","TX","48455","=""48455""","96","2020-2024","2022","Census","Texas (State)"
"County","Tyler","TX","48457","=""48457""","121","2020-2024","2022","Census","Texas (State)"
"County","Upshur","TX","48459","=""48459""","99","2020-2024","2022","Census","Texas (State)"
"County","Upton","TX","48461","=""48461""","95","2020-2024","2022","Census","Texas (State)"
"County","Uvalde","TX","48463","=""48463""","99","2020-2024","2022","Census","Texas (State)"
"County","Val Verde","TX","48465","=""48465""","107","2020-2024","2022","Census","Texas (State)"
"County","Van Zandt","TX","48467","=""48467""","96","2020-2024","2022","Census","Texas (State)"
"County","Victoria","TX","48469","=""48469""","97","2020-2024","2022","Census","Texas (State)"
"County","Walker","TX","48471","=""48471""","144","2020-2024","2022","Census","Texas (State)"
"County","Waller","TX","48473","=""48473""","99","2020-2024","2022","Census","Texas (State)"
"County","Ward","TX","48475","=""48475""","106","2020-2024","2022","Census","Texas (State)"
"County","Washington","TX","48477","=""48477""","98","2020-2024","2022","Census","Texas (State)"
"County","Webb","TX","48479","=""48479""","99","2020-2024","2022","Census","Texas (State)"
"County","Wharton","TX","48481","=""48481""","100","2020-2024","2022","Census","Texas (State)"
"County","Wheeler","TX","48483","=""48483""","106","2020-2024","2022","Census","Texas (State)"
"County","Wichita","TX","48485","=""48485""","107","2020-2024","2022","Census","Texas (State)"
"County","Wilbarger","TX","48487","=""48487""","96","2020-2024","2022","Census","Texas (State)"
"County","Willacy","TX","48489","=""48489""","119","2020-2024","2022","Census","Texas (State)"
"County","Williamson","TX","48491","=""48491""","99","2020-2024","2022","Census","Texas (State)"
"County","Wilson","TX","48493","=""48493""","101","2020-2024","2022","Census","Texas (State)"
"County","Winkler","TX","48495","=""48495""","112","2020-2024","2022","Census","Texas (State)"
"County","Wise","TX","48497","=""48497""","102","2020-2024","2022","Census","Texas (State)"
"County","Wood","TX","48499","=""48499""","100","2020-2024","2022","Census","Texas (State)"
"County","Yoakum","TX","48501","=""48501""","113","2020-2024","2022","Census","Texas (State)"
"County","Young","TX","48503","=""48503""","109","2020-2024","2022","Census","Texas (State)"
"County","Zapata","TX","48505","=""48505""","98","2020-2024","2022","Census","Texas (State)"
"County","Zavala","TX","48507","=""48507""","111","2020-2024","2022","Census","Texas (State)"
