"county","pop2026","areaMi","densityMi","growthSince2020"
"Harris County",5093721,1707,2984.019332161687,0.07597305484087657
"Dallas County",2658781,873,3045.5681557846506,0.018377111707436944
"Tarrant County",2266894,865,2620.686705202312,0.07121275270603733
"Bexar County",2181234,1240,1759.0596774193548,0.08223401531735175
"Travis County",1404419,994,1412.8963782696178,0.08317856625008102
"Collin County",1340145,841,1593.513674197384,0.24605304264387562
"Denton County",1092466,879,1242.8509670079636,0.1945824954593518
"Fort Bend County",999354,862,1159.3433874709976,0.20353779805310301
"Hidalgo County",929486,1571,591.652450668364,0.06500464621720003
"El Paso County",875822,1013,864.5824284304048,0.010662580113595777
"Montgomery County",811205,1042,778.5076775431862,0.2971621554634143
"Williamson County",776641,1116,695.9148745519714,0.26157752216903196
"Cameron County",434940,892,487.60089686098655,0.03187632857576683
"Brazoria County",426744,1363,313.09170946441674,0.14258480816086117
"Bell County",407057,1054,386.2020872865275,0.09304336384654421
"Galveston County",377047,379,994.8469656992085,0.07241755928848126
"Nueces County",353059,839,420.8092967818832,-0.0014000690135028693
"Lubbock County",332675,896,371.2890625,0.06767247881022764
"Hays County",314441,677,464.46233382570165,0.2887771329267492
"Webb County",281878,3361,83.86730139839334,0.054395966125026174
"McLennan County",273692,1037,263.92671166827387,0.04786955040219909
"Smith County",255569,921,277.49077090119437,0.09121923101556328
"Jefferson County",254145,877,289.7890535917902,-0.007792582991399288
"Brazos County",249803,586,426.2849829351536,0.06513535754945066
"Ellis County",249280,936,266.3247863247863,0.2828192381716943
"Johnson County",224506,725,309.6634482758621,0.24067309552098592
"Kaufman County",220460,781,282.27912932138287,0.4980464104916251
"Comal County",216846,560,387.225,0.325399735954232
"Guadalupe County",206548,711,290.50351617440225,0.1889570693406708
"Midland County",191635,900,212.92777777777778,0.12249739342322608
"Parker County",189860,904,210.02212389380531,0.2694655620858657
"Ector County",176948,898,197.0467706013363,0.06923035089521479
"Grayson County",156361,933,167.58949624866023,0.14838752322686322
"Randall County",154419,913,169.13362541073386,0.09319316130402466
"Taylor County",151764,916,165.6812227074236,0.0577067826377855
"Rockwall County",144596,127,1138.5511811023623,0.3241513200670336
"Wichita County",129586,628,206.34713375796179,-0.0001928848631674862
"Hunt County",127462,840,151.7404761904762,0.271314582086575
"Liberty County",126437,1158,109.18566493955095,0.3673151582658347
"Gregg County",125803,273,460.8168498168498,0.011969593371676801
"Bastrop County",121879,888,137.25112612612614,0.24290230471140117
"Tom Green County",120997,1522,79.49868593955323,0.006756250780047379
"Potter County",114355,908,125.94162995594714,-0.03378030130203713
"Victoria County",93124,882,105.58276643990929,0.01998926603796325
"Bowie County",92716,885,104.7638418079096,-0.0020558192601203285
"Henderson County",89599,874,102.51601830663616,0.08736650485436903
"Angelina County",88350,798,110.71428571428571,0.021434517203107628
"Orange County",86563,334,259.1706586826347,0.02128387545865329
"Wise County",86264,904,95.42477876106194,0.25145435290362816
"Coryell County",86011,1052,81.75950570342205,0.0350051743640345
"Walker County",84224,784,107.42857142857143,0.10007575559677129
"Waller County",73619,513,143.50682261208576,0.2849338499668377
"San Patricio County",72572,693,104.72150072150072,0.054227981231569355
"Harrison County",72502,900,80.55777777777777,0.05383877438297624
"Hood County",71692,421,170.2897862232779,0.1553163373835691
"Van Zandt County",66994,843,79.47093712930013,0.12129479304400226
"Starr County",66240,1223,54.16189697465249,0.005876725433920926
"Nacogdoches County",66107,946,69.88054968287527,0.02266328393304673
"Anderson County",60037,1063,56.4788334901223,0.036174729466181166
"Chambers County",59200,597,99.16247906197655,0.25978890023833845
"Maverick County",59066,1279,46.181391712275214,0.020737566100991867
"Hardin County",58810,891,66.00448933782268,0.043526092588320964
"Medina County",58151,1325,43.88754716981132,0.13892044341729015
"Burnet County",58026,995,58.31758793969849,0.17271624898949067
"Navarro County",57865,1010,57.29207920792079,0.09503623942622474
"Caldwell County",57361,545,105.24954128440368,0.2484709979323103
"Wilson County",56957,804,70.84203980099502,0.13797926115362324
"Rusk County",55078,924,59.608225108225106,0.05402353841737639
"Kendall County",54601,662,82.47885196374622,0.225116675641716
"Atascosa County",54243,1220,44.46147540983606,0.10057622854360271
"Kerr County",54060,1103,49.01178603807797,0.02588431759526344
"Cherokee County",53496,1053,50.8034188034188,0.0568363657915012
"Polk County",53363,1057,50.485335856196784,0.05744689283449578
"Lamar County",51664,907,56.96141124586549,0.03057988071253326
"Wood County",50223,645,77.86511627906977,0.11502597575596107
"Val Verde County",47891,3145,15.227662957074722,0.006176859886127373
"Upshur County",44796,583,76.83704974271012,0.09141409219374319
"Cooke County",44569,875,50.936,0.06749538933199206
"Erath County",43827,1083,40.46814404432133,0.026153125731678717
"Wharton County",42055,1086,38.724677716390424,0.011399437242971544
"Hill County",40117,959,41.832116788321166,0.11544557208397044
"Fannin County",39752,891,44.61503928170595,0.10502029243342403
"Hopkins County",39300,767,51.238591916558015,0.06697798170119196
"Washington County",38893,604,64.39238410596026,0.08666983319829002
"Jim Wells County",38779,865,44.83121387283237,-0.0028029212096276623
"Brown County",38693,944,40.98834745762712,0.0167384906453647
"Matagorda County",36736,1093,33.61024702653248,0.012373577314189754
"Grimes County",35161,787,44.67725540025413,0.19420575348979385
"Austin County",34372,646,53.20743034055727,0.14067633491520914
"Jasper County",33194,939,35.350372736954206,0.008292579204763006
"Bee County",32379,880,36.794318181818184,0.0430370776020359
"Hale County",31558,1005,31.400995024875623,-0.02772814098219234
"Titus County",31511,406,77.61330049261083,0.0068055466802989795
"Palo Pinto County",31240,953,32.780692549842605,0.09783525442788865
"Howard County",30440,901,33.78468368479467,-0.12556375858205737
"Kleberg County",30301,881,34.3938706015891,-0.0221067578906603
"San Jacinto County",29648,569,52.105448154657296,0.07646503521893844
"Gillespie County",28928,1058,27.342155009451798,0.08069336521219372
"Cass County",28616,937,30.540021344717182,0.00615308885060295
"Aransas County",26606,252,105.57936507936508,0.11182615963226072
"Milam County",26262,1016,25.848425196850393,0.05980629539951576
"Fayette County",25417,950,26.754736842105263,0.03696299620578514
"Uvalde County",24961,1552,16.08311855670103,0.01612049664156312
"Gaines County",24640,1502,16.40479360852197,0.13553619982487675
"Shelby County",24248,796,30.462311557788944,0.008568338740537307
"Lampasas County",23738,713,33.29312762973352,0.09371544415775901
"Llano County",23396,934,25.049250535331907,0.0968074633163003
"Panola County",23002,811,28.362515413070284,0.022401991288114598
"Bandera County",22962,791,29.029077117572694,0.09410587506551682
"Limestone County",22951,905,25.36022099447514,0.03658371347274292
"Houston County",22301,1231,18.1161657189277,0.010329361663570902
"Moore County",22106,900,24.56222222222222,0.03959744168547785
"Montague County",22069,931,23.704618689581096,0.10124750499001989
"Hockley County",21688,908,23.88546255506608,0.009495438465835004
"Colorado County",21431,960,22.323958333333334,0.03827333946998701
"Burleson County",21001,659,31.867981790591806,0.1879065558006674
"Freestone County",20936,878,23.84510250569476,0.07701013426616599
"Jones County",20920,929,22.518837459634014,0.06371078456297341
"Gray County",20907,926,22.577753779697623,-0.013681181299240452
"Lavaca County",20776,970,21.418556701030926,0.02068287889953324
"Tyler County",20374,924,22.049783549783548,0.027744148506860355
"DeWitt County",20258,909,22.286028602860284,0.021017085832367277
"Gonzales County",20189,1067,18.921274601686974,0.026385358413828275
"Willacy County",19872,591,33.6243654822335,-0.012571428571428567
"Hutchinson County",19466,887,21.945885005636978,-0.05362438621226118
"Calhoun County",19420,507,38.303747534516766,-0.03209728867623607
"Andrews County",19030,1501,12.6782145236509,0.022238934250107478
"Lee County",18957,629,30.13831478537361,0.08300959780621575
"Bosque County",18875,983,19.20142421159715,0.03396329772665019
"Frio County",18839,1134,16.612874779541446,0.02352493752037388
"Deaf Smith County",18739,1497,12.517702070808284,0.01111530782927761
"Robertson County",18053,855,21.114619883040934,0.07669827637621518
"Young County",17987,914,19.679431072210065,0.007844455650809712
"Falls County",17980,765,23.50326797385621,0.06126785503482468
"Eastland County",17972,927,19.38727076591154,0.00966292134831459
"Leon County",17049,1073,15.889095992544268,0.08076069730586366
"Scurry County",16167,905,17.864088397790056,-0.04427760699929062
"Jackson County",15429,829,18.61158021712907,0.028805761152230547
"Karnes County",15016,748,20.074866310160427,0.013841064073998988
"Comanche County",14576,938,15.539445628997868,0.06901356802346892
"Callahan County",14455,899,16.0789766407119,0.051425661914460186
"Pecos County",14443,4764,3.031696053736356,-0.04905188306557806
"Trinity County",14334,694,20.654178674351584,0.05118803168084485
"Madison County",14273,466,30.628755364806867,0.06063758638626737
"Nolan County",14088,912,15.447368421052632,-0.0431947840260799
"Blanco County",13767,709,19.417489421720735,0.20225307833376993
"Rains County",13761,229,60.09170305676856,0.12961746839599408
"Zapata County",13708,998,13.735470941883767,-0.01203603603603609
"Camp County",13538,196,69.07142857142857,0.08922680827097906
"Lamb County",12540,1016,12.34251968503937,-0.035755478662053086
"Wilbarger County",12488,971,12.86096807415036,-0.02756579971966988
"Reeves County",12151,2635,4.611385199240987,-0.17726318640395422
"Morris County",12099,252,48.01190476190476,0.010101853397896043
"Live Oak County",12000,1040,11.538461538461538,0.05745505816002816
"Newton County",11919,934,12.761241970021413,-0.020060840253226964
"Terry County",11803,889,13.276715410573678,0.000932835820895539
"Red River County",11791,1044,11.294061302681992,0.019629885852646245
"Dawson County",11700,900,13,-0.06204906204906202
"Ward County",11169,836,13.360047846889952,-0.04366812227074235
"Franklin County",11145,284,39.24295774647887,0.074527574238334
"Clay County",10792,1089,9.910009182736456,0.05236470014627015
"Somervell County",10436,186,56.10752688172043,0.13360851618509662
"Marion County",9961,381,26.144356955380577,0.009629028988445087
"Sabine County",9940,492,20.203252032520325,0.004446240905416232
"Parmer County",9723,881,11.036322360953463,-0.013494318181818232
"Jack County",9705,911,10.653128430296377,0.14391796322489392
"Runnels County",9628,1051,9.160799238820172,-0.029043969342476772
"Brewster County",9395,6184,1.5192432082794307,-0.017362200606631073
"Stephens County",9346,897,10.41917502787068,0.02759758108851007
"Duval County",9152,1793,5.104294478527607,-0.06716950361838747
"Archer County",9118,903,10.097452934662236,0.06605869285630783
"Ochiltree County",9106,918,9.919389978213507,-0.08519188266023714
"Mitchell County",8939,911,9.812294182217343,-0.008210362809275451
"Zavala County",8892,1297,6.855821125674634,-0.08026479106330164
"Hamilton County",8644,836,10.339712918660288,0.047503635482307294
"Coleman County",7856,1263,6.220110847189232,0.02198516976713938
"Dimmit County",7832,1329,5.893152746425884,-0.08760484622553588
"San Augustine County",7667,531,14.43879472693032,-0.03231099331061471
"Dallam County",7569,1503,5.0359281437125745,0.060529634300126034
"Winkler County",7517,841,8.938168846611177,-0.030939796313007584
"McCulloch County",7469,1066,7.006566604127579,-0.016201264488935774
"Yoakum County",7375,800,9.21875,-0.038712200208550596
"Castro County",7247,894,8.106263982102908,-0.010513380666302585
"Goliad County",7213,852,8.465962441314554,0.02734653183307212
"Bailey County",7035,827,8.506650544135429,0.02416654534866791
"Childress County",6596,697,9.463414634146341,-0.009163286765810463
"Refugio County",6594,770,8.563636363636364,-0.021951943043607258
"Swisher County",6564,890,7.3752808988764045,-0.05526770293609673
"La Salle County",6484,1487,4.360457296570276,-0.023788015657934314
"Brooks County",6458,943,6.848356309650053,-0.08978153629316421
"Lynn County",6075,892,6.810538116591928,0.08308076305936885
"Carson County",5782,920,6.284782608695652,-0.002243313201035324
"San Saba County",5764,1135,5.078414096916299,0.00716407478595138
"Delta County",5540,257,21.556420233463037,0.061099406244014665
"Haskell County",5528,903,6.121816168327796,0.016363302077587738
"Martin County",5281,915,5.771584699453552,0.004183304810800426
"Presidio County",5240,3855,1.3592736705577173,-0.1416871416871417
"Hansford County",4876,920,5.3,-0.0717685132305349
"Hartley County",4838,1462,3.3091655266757867,-0.09349821997376806
"Crosby County",4751,900,5.278888888888889,-0.06770015698587128
"Floyd County",4742,992,4.780241935483871,-0.11678152356118454
"Wheeler County",4719,915,5.157377049180328,-0.05164790996784563
"Mills County",4574,748,6.114973262032086,0.028558578817180047
"Crane County",4517,785,5.754140127388535,-0.03296938557054163
"Jim Hogg County",4499,1136,3.960387323943662,-0.07141382868937052
"Garza County",4453,893,4.986562150055991,-0.2330347915949018
"Kimble County",4452,1251,3.5587529976019185,0.03703703703703698
"Mason County",3970,929,4.273412271259419,0
"Fisher County",3703,899,4.119021134593993,0.006797172376291405
"Concho County",3637,984,3.696138211382114,0.0964727163099186
"Baylor County",3462,867,3.9930795847750864,0.00028893383415207197
"Coke County",3436,912,3.767543859649123,0.03462812405901827
"Hudspeth County",3416,4571,0.7473200612557427,0.07118218877391036
"Hardeman County",3222,695,4.635971223021583,-0.09443507588532885
"Donley County",3207,927,3.459546925566343,-0.0210622710622711
"Shackelford County",3200,914,3.50109409190372,0.027617212588310958
"Reagan County",3186,1175,2.7114893617021276,-0.0692375109553024
"Sutton County",3160,1454,2.1733149931224207,-0.05980362987206189
"Upton County",3152,1241,2.539887187751813,-0.045137837019085136
"Knox County",3133,851,3.681551116333725,-0.06365809922295274
"Kinney County",3132,1361,2.3012490815576783,0.001598976654940909
"Hemphill County",3028,906,3.3421633554083887,-0.10014858841010399
"Lipscomb County",3009,932,3.2285407725321886,-0.009871668311944748
"Sherman County",2785,923,3.0173347778981583,0.0003591954022987842
"Crockett County",2735,2807,0.974349839686498,-0.11631663974151862
"Real County",2728,699,3.9027181688125894,-0.0076391415060022005
"Hall County",2677,883,3.0317100792751983,-0.045632798573975064
"Cochran County",2556,775,3.298064516129032,-0.0011723329425556983
"Collingsworth County",2407,918,2.622004357298475,-0.08894776684330052
"Culberson County",2261,3812,0.5931269674711438,0.034782608695652195
"Schleicher County",2198,1311,1.6765827612509534,-0.09844134536505333
"Menard County",1992,902,2.2084257206208426,0.016845329249617125
"Armstrong County",1872,909,2.0594059405940595,0.011345218800648205
"Oldham County",1772,1501,1.1805463024650233,0.003397508493771184
"Dickens County",1682,902,1.8647450110864745,-0.04323094425483509
"Jeff Davis County",1647,2265,0.7271523178807947,-0.17111222949169602
"Throckmorton County",1572,913,1.7217962760131436,0.07892930679478383
"Briscoe County",1476,900,1.64,0.03943661971830981
"Irion County",1417,1052,1.346958174904943,-0.059096945551128766
"Edwards County",1359,2118,0.6416430594900849,-0.04363124560168896
"Sterling County",1325,923,1.4355362946912242,-0.041937816341287015
"Cottle County",1181,901,1.3107658157602664,-0.13543191800878474
"Stonewall County",1148,916,1.2532751091703056,-0.07717041800643087
"Glasscock County",1111,900,1.2344444444444445,-0.0053715308863026
"Motley County",1083,990,1.093939393939394,0.019774011299435124
"Foard County",1040,704,1.4772727272727273,-0.04587155963302747
"Roberts County",881,924,0.9534632034632035,0.06917475728155331
"Terrell County",693,2358,0.29389312977099236,-0.07845744680851063
"Kent County",649,903,0.7187153931339978,-0.14379947229551449
"Borden County",574,897,0.6399108138238573,-0.10730948678071539
"McMullen County",530,1140,0.4649122807017544,-0.11371237458193983
"Kenedy County",315,1459,0.21590130226182316,-0.09742120343839544
"King County",172,911,0.18880351262349068,-0.35580524344569286
"Loving County",57,669,0.08520179372197309,-0.09523809523809523